Gene,,,,,,,
,mean,mean,ratio,padj,,,
Solyc01g005050.2.1,7.528,1287.62666666667,32,0.0230839950239443,FALSE,FALSE,0
Solyc01g007710.2.1,2.13,42.9133333333333,16,0.0385660671204183,FALSE,FALSE,0
Solyc02g014210.1.1,3.164,30.25,64,0.0306834265208629,FALSE,FALSE,0
