Gene,,,,,,,
,mean,mean,ratio,padj,,,
Solyc02g005100.2.1,3.164,30.25,2,0.0306834265208629,FALSE,FALSE,0
Solyc02g014210.1.1,7.528,1287.62666666667,4,0.0230839950239443,FALSE,FALSE,0
Solyc01g005050.2.1,7.528,1287.62666666667,8,0.0230839950239443,FALSE,FALSE,0
